Category,Platform Name,Official Website,Referral Link,Notes,Status,Description,Features,Logo,capsules,favicon
CEXs,Coinbase,https://www.coinbase.com,https://coinbase.com/join/GMDY5QT?src=referral-link,,Existing,"Coinbase is a user-friendly cryptocurrency exchange that allows individuals to buy, sell, and store a variety of digital currencies securely.","User-friendly interface,Supports multiple cryptocurrencies,Advanced trading options,Educational resources available,Secure storage solutions.",logo_Coinbase.png,"User-friendly,Educational resources",fav_Coinbase.png
CEXs,Bitget,https://www.bitget.com,https://www.bitget.com/en/register?clacCode=VTY1Y59W,,Existing,"Bitget is a cryptocurrency trading platform offering spot and derivatives trading, social trading features for both beginners and experienced traders.","Spot and derivatives trading,Copy-trading feature,Low trading fees,User-friendly interface,Advanced security",logo_Bitget.png,"Copy trading,Derivatives,Advanced security",fav_Bitget.png
CEXs,Kucoin,https://www.kucoin.com,https://www.kucoin.com/r/rf/QBSH2GSC,,Existing,"KuCoin is a global cryptocurrency exchange offering a wide range of digital assets, competitive trading fees, and tools for traders.","Spot and futures trading options,User-friendly interface,Extensive cryptocurrency selection,Staking and lending services,Advanced security measures.",logo_Kucoin.png,"Global exchange,Staking,Futures trading",fav_Kucoin.png
CEXs,Kraken,https://www.kraken.com,https://invite.kraken.com/JDNW/b4ajgc01,,Existing,"Kraken is a secure cryptocurrency exchange offering trading for various digital assets, advanced tools, and user-friendly features.","Advanced trading tools,Wide range of cryptocurrencies,Strong security measures,Staking options available,24/7 customer support",logo_Kraken.png,"Strong security,Staking,24/7 support",fav_Kraken.png
CEXs,Crypto.com,https://crypto.com,https://crypto.com/app/kvkzx67s6g,,Existing,"Crypto.com is a comprehensive cryptocurrency platform offering trading, staking, wallets, and a prepaid Visa card for seamless crypto transactions and rewards.","Crypto trading and staking,Crypto Visa card,Earn interest on crypto,Access to DeFi products,NFT marketplace.",logo_Crypto_com.png,"Crypto Visa card,NFT marketplace",fav_Crypto_com.png
CEXs,Binance,https://www.binance.com,https://www.binance.com/referral/mystery-box/eu-rewardbox/claim?ref=GRO_18422_546H9,VPN,Missing - Top Priority,"Binance is a leading cryptocurrency exchange offering a wide range of digital assets, trading options, and financial services for users worldwide.","Wide range of cryptocurrencies available,User-friendly interface,Advanced trading options,High liquidity,Strong security measures.",logo_Binance.png,"High liquidity,Advanced tools",fav_Binance.png
CEXs,Bybit,https://www.bybit.com,,VPN,Missing - High Growth,"Bybit is a cryptocurrency exchange offering trading in derivatives, spot markets, and various financial products with advanced tools.","Leverage trading up to 100x,Spot trading options,User-friendly interface,Advanced trading tools,24/7 customer support",logo_Bybit.png,"100x Leverage,24/7 support",fav_Bybit.png
CEXs,OKX,https://www.okx.com,,VPN,Missing - Top 5,"OKX is a comprehensive cryptocurrency exchange offering trading, staking, and a wide range of digital assets with advanced security features and user-friendly interface.","Spot and derivatives trading,Advanced charting tools,Staking and yield farming,Multiple fiat onboarding options,Security features and insurance policy.",logo_OKX.png,"Staking,Advanced charting",fav_OKX.png
CEXs,Gate.io,https://www.gate.com,,VPN,Missing - High Commission,"Gate.io is a comprehensive cryptocurrency exchange offering trading, staking, and investment services with a wide range of digital assets.","Spot and margin trading,Wide range of cryptocurrencies,Staking and lending options,Advanced trading tools,User-friendly interface",logo_Gate_io.png,"Margin trading,User-friendly",fav_Gate_io.png
CEXs,MEXC,https://www.mexc.com,https://promote.mexc.com/r/Ktlr5gDh,,Missing - Regional Strong,"MEXC is a comprehensive cryptocurrency exchange offering trading, staking, and DeFi services with a user-friendly interface and a wide range of digital assets.","Spot and futures trading options,User-friendly interface,Extensive token listings,Advanced trading tools,Staking and yield farming opportunities.",logo_MEXC.png,"Extensive listings,Futures trading",fav_MEXC.png
CEXs,HTX,https://www.htx.com,,VPN,Missing - Established,"HTX is a cryptocurrency trading platform offering a user-friendly interface, advanced trading tools, and a wide range of digital assets for seamless transactions.","User-friendly interface,Advanced trading tools,Wide range of cryptocurrencies,High liquidity,Robust security measures",logo_HTX.png,"High liquidity,Robust security",fav_HTX.png
CEXs,Gemini,https://www.gemini.com,,VPN,Missing - US Licensed,"Gemini is a regulated cryptocurrency exchange that offers secure trading, storage, and management of digital assets for individuals and institutions.","Regulated and secure cryptocurrency exchange,User-friendly interface for trading,Earn interest on crypto holdings,Advanced trading tools and options.",logo_Gemini.png,"Regulated,Earn interest",fav_Gemini.png
CEXs,Bitfinex,https://www.bitfinex.com,,VPN,Missing - Professional,"Bitfinex is a digital asset trading platform offering advanced features, including margin trading, lending, and a wide range of cryptocurrencies for trading.","Margin trading options,Advanced charting tools,High liquidity,Wide range of cryptocurrencies,User-friendly interface",logo_Bitfinex.png,"High liquidity,Advanced charting",fav_Bitfinex.png
CEXs,Bitstamp,https://www.bitstamp.net,,,Missing - EU Largest,Bitstamp is a regulated cryptocurrency exchange offering trading for various digital assets with a focus on security and user-friendly experience.,"Established exchange since 2011,Supports multiple cryptocurrencies,User-friendly interface,High security standards,Competitive trading fees.",logo_Bitstamp.png,"Established,Robust Security,Competitive fees",fav_Bitstamp.png
CEXs,Upbit,https://upbit.com,,,Missing - Korea Market,Upbit is a South Korean cryptocurrency exchange platform that offers a wide range of digital assets for trading and investing.,"KRW trading pairs,Fast transaction speed,Secure wallet technology,Regulated in many Asian countries,Robust Security",logo_Upbit.png,"KRW pairs,Asian Regulated",fav_Upbit.png
DEXs,Drift,https://www.drift.trade,https://app.drift.trade/ref/d3x7,,Existing,Drift is a decentralized exchange platform offering advanced trading features for perpetual futures with low fees and high-speed transactions on Solana.,"Decentralized perpetual futures trading,Crossmargin collateral management,Real time risk monitoring system,Low-latency trading execution",logo_Drift.png,"Perpetual Swaps,OnChain Liquidity",fav_Drift.png
DEXs,Jupiter,https://jup.ag,,,Existing,Jupiter is a leading crypto platform that facilitates cross-chain trading and offers decentralized finance solutions for seamless transactions on the Solana blockchain.,"Multichainswapsupport,Bestpriceroutingalgorithm,Userfriendlyinterface,Lowtransactionfees,Extensiveliquiditysources,Secureandreliabletransactions",logo_Jupiter.png,"CrossChainSwaps,LiquidityOptimization",fav_Jupiter.png
DEXs,Hyperliquid,https://hyperliquid.xyz,,VPN,Existing,Hyperliquid is a blockchain-based platform offering fast and secure cryptocurrency trading services with a focus on liquidity provision.,"Real-time crypto liquidity tracking,in-depth market analysis,comprehensive data visualization,alerts for significant market movements,supports multiple cryptocurrencies",logo_Hyperliquid.png,"Crypto Liquidity,Fast Transactions,Secure Trading",fav_Hyperliquid.png
DEXs,Raydium,https://raydium.io,https://raydium.io/swap/?inputMint=sol&outputMint=Es9vMFrzaCERmJfrF4H2FYD4KCoNkY11McCe8BenwNYB&referrer=J8sjLn3V7zCBbdiFWr6fGwQAXX75N2LcZiH8cUW1eeZx,,Existing,"Raydium is an automated market maker, liquidity provider and decentralized exchange ecosystem built on the Solana blockchain","Automated Market Making,Fusion Pools for yield farming,Onchain order book,Swap transactions on Solana,Integration with Serum DEX,Staking rewards for RAY holders.",logo_Raydium.png,"Automated Market Maker,Yield Farming",fav_Raydium.png
DEXs,Uniswap,https://uniswap.org,,,Existing,Uniswap is a decentralized exchange platform built on Ethereum that allows users to swap tokens without relying on traditional order books.,"Decentralized trading,liquidity provision,automated market-making,user-friendly interface",logo_Uniswap.png,"Decentralized trading,Instant swaps",fav_Uniswap.png
DEXs,Pancakeswap,https://pancakeswap.finance,,,Existing,"Pancakeswap is a decentralized exchange built originally on the Binance Smart Chain, allowing users to swap tokens, farm rewards, and provide liquidity.","Decentralized exchange,Yield farming,Liquidity pools,Automated market maker,Staking,Community governance,Instant trades on 9+ chains",logo_Pancakeswap.png,"Multi-chain,Yield Farming,Staking",fav_Pancakeswap.png
DEXs,Birdeye,https://birdeye.so,,,Existing,"Birdeye crypto data and analytics platform for digital assets, designed to assist investors, traders, and institutions","Multi-Chain Data Aggregation,Whale Watching & Trade Discovery,Memecoin Discovery,Intuitive Dashboard",logo_Birdeye.png,"Multi-chain data,Whale tracking",fav_Birdeye.png
DEXs,Sushi,https://www.sushi.com,,,Existing,"Sushi is a decentralized finance platform offering a suite of DeFi services including token swapping, lending, and yield farming across multiple blockchains.","Decentralized exchange,Yield farming opportunities,Liquidity provider rewards,Governance token for voting,Low fees compared to traditional exchanges",logo_Sushi.png,"Decentralized trading,Yield farming",fav_Sushi.png
DEXs,pond0x,https://www.pond0x.com,https://pond0x.com/swap/solana?ref=NvzPgWQmUciU94Cz5bu6S7s3DS8DDCBj6MuxozPp51f4SA6Kp3uzfTM93SKB,,Existing,Pond0x is a decentralized exchange platform facilitating the trading of various cryptocurrencies with a focus on security and user privacy.,"Decentralized exchange,Trustless trading,Liquidity pools,Low fees,Community governance,Secure transactions",logo_pond0x.png,"Trustless trading,Low fees",fav_pond0x.png
DEXs,syncswap,https://syncswap.xyz,,,Existing,"Syncswap is a decentralized crypto platform on zKsync Era allowing users to easily exchange, swap, and manage their digital assets privately and securerely","SyncSwap operates on zkSync Era Layer 2 scaling solution for Ethereum,Zero-Knowledge Proofs,Yield Farming & Liquidity Provision",logo_syncswap.png,"ZKsync,Yield-farmng",fav_syncswap.png
DEXs,ambient finance,https://ambient.finance,,,Existing,Ambient finance is a crypto platform focused on simplifying decentralized finance through user-friendly interfaces and innovative financial products.,"Secure wallet storage,Gaslees transaction option,User-friendly interface,Staking and yield farming",logo_ambient_finance.png,"AMM,Gasless transactions",fav_ambient_finance.png
DEXs,izumi finance,https://izumi.finance,,,Existing,Izumi Finance is a decentralized finance (DeFi) platform focused on providing Liquidity as a Service (LaaS) for the multi-chain ecosystem. It aims to improve capital efficiency for liquidity providers and offer various financial services.,"Capital efficient liquidity,Multi-chain decentralized exchange,Innovative liquidity mining,Discretized Liquidity AMM,Vote-escrowed Tokenomics governance model",logo_izumi_finance.png,"Liquidity Provision,Multi-chain Swaps",fav_izumi_finance.png
DEXs,Butter,https://butter.xyz,,,Existing,"Butter.xyz is a decentralized exchange (DEX) operating on the Mantle network, an Ethereum Layer 2 solution. It aims to provide efficient and cost-effective crypto trading with high liquidity, leveraging Uniswap V3's infrastructure and offering its native BUTTER token for liquidity mining and staking.","Decentralized lending,no middlemen,high interest rates,intuitive design,Multiple cryptocurrency support,flexible investment options",logo_butter.png,"Mantle network,LP mining",fav_butter.png
DEXs,Supswap,https://supswap.xyz,,,Existing,"SupSwap is a decentralized exchange (DEX) established in 2024, built specifically for concentrated liquidity on the Mode Network. It allows users to provide liquidity and make swaps within the Mode ecosystem.","Mode Network DEX,Concentrated Liquidity,Liquidity Provision,Token Airdrops",logo_supswap.png,"Mode Network,Airdrop",fav_supswap.png
DEXs,Demex,https://dem.exchange/,,,Existing,"Demex is a DEX built on Carbon Protocol, a specialized Layer 1 blockchain built using the Cosmos SDK designed for a fully on-chain financial ecosystem. It offers high-performance infrastructure, supporting various services like spot, perpetuals, and futures trading, lending, borrowing, staking, and liquidity pools.","Layer 1 blockchain,High-performance infrastructure,On-chain financial ecosystem
with spot,perpetuals,futures,Staking and liquidity provision",logo_demmex.png,"Layer 1,Airdrop",fav_demmex.png
DEXs,Logx,https://logx.trade,,,Existing,LogX is a decentralized perpetual exchange built on Arbitrum and Linea. It offers a permissionless trading environment with deep liquidity and up to 100x leverage on various assets including predictions and pre markets. With gasless trading it provides a high-performance CEX-like experience.,"Arbitrum,Linea support,High leverage trading,Deep liquidity pools,Permissionless derivatives,Pre-markets,Leveraged prediction markets,Exotic pairs",logo_Logx.png,"Pre-markets,Leveraged prediction markets,Exotic pairs",fav_Logx.png
DEXs,satori finance,https://satori.finance,,,Existing,"Satori Finance is a decentralized perpetual futures protocol supporting Ethereum, Plume, Zircuit, Hemi, ZKsync, BNB, Linea, Arbitrum, Base, Scroll, Polygon, X Layer, and Ton. It offers a fully on-chain trading experience through a web app and Telegram, providing low fees and high throughput for various assets. ","Decentralised perpetual futures protocol,supports wide range of blockchain networsk,fully on-chain trading via web app or telegram,low fees and high volume",logo_satori_finance.png,"Futures,Layer2",fav_satori_finance.png
DEXs,Derive,https://www.derive.xyz/,https://www.derive.xyz/invite/WYX25,,Existing,"Derive is an on-chain options exchange for cryptocurrency, operating as a decentralized derivatives platform. It focuses on providing a secure and transparent environment for trading complex options strategies directly on the blockchain.","On-chain options,Decentralized derivatives,Transparent trading,Secure protocols,Complex strategies.",logo_lyra.png,"Derivatives,Options",fav_lyra.png
DEXs,zeta,https://zeta.markets,,,Existing,"Zeta Markets is a high-performance decentralized derivatives exchange built on Solana's Layer 1. It offers liquid futures and options trading and is developing ZX (Zeta X), a Solana Layer 2 rollup, to enhance scalability and provide a centralized exchange-like trading experience while remaining decentralized.","Solana-native derivatives exchange,Offers liquid futures and options,Developing ZX Solana Layer2,Aims for CEX-like performance,Utilizes Central Limit Order Book",logo_zeta.png,"Futures,Options,Solana L2",fav_zeta.png
DEXs,aevo,https://www.aevo.xyz,,,Existing-ref cant do phantom,"Aevo is a high-performance decentralized exchange for options and perpetuals, operating on its custom Layer 2 blockchain built using Optimism's OP Stack. It combines the security of a decentralized exchange with the performance of a centralized exchange, offering a wide range of crypto derivatives.","Options,Perpetuals,Custom Layer2,High performance,OP Stack",logo_aevo.png,"Options,Derivatives,Layer2",fav_aevo.png
DEXs,intentx,https://intentx.io,,,Existing,"IntentX is a decentralized perpetual exchange that utilizes a peer-to-pool model and intent-based architecture. It offers trading on over 250 perpetual markets with zero price impact and features unique liquidity mechanisms across various chains like Base, Optimism, Arbitrum, and Polygon.","Intent-based trading,Peer-to-pool model,Zero price impact,250+ markets,Multi-chain support.",logo_intentx.png,"Perpetuals,Derivatives,Intent-based",fav_intentx.png
DeFi,Dexscreener,https://dexscreener.com,,,Existing,"Dexscreener is a comprehensive charting and real-time data analysis platform for decentralized exchanges (DEXs) across numerous blockchains. It provides live price charts, trade history, liquidity pool information, and trending pairs to help users track and analyze the market.","Real-time charting,DEX data analytics,Multi-chain tracking,Liquidity insights,Trending pairs.",logo_Dexscreener.png,"Analytics,Charting",fav_Dexscreener.png
DeFi,Pumpfun,https://pump.fun,,,Existing,"Pump.fun is a platform on Solana enabling users to launch new cryptocurrencies (memecoins) fairly and securely without needing initial liquidity. It prevents rug pulls via an integrated bonding curve, now ensuring newly launched tokens stay and trade directly within the Pump.fun ecosystem via their Pump X exchange.","Memecoin launchpad,Solana ecosystem,Fair token launch,Anti-rug pull measures,Pump X exchange.",logo_Pumpfun.png,"Memecoins,Solana,Launchpad",fav_Pumpfun.png
DeFi,Odinfun,https://odin.fun,https://odin.fun?r=4y9u931mt0,,Existing,"Odin.fun is a platform operating within the Bitcoin ecosystem, designed as a launchpad for memecoins utilizing the Runes protocol. It enables users to create and launch new tokens on Bitcoin without needing initial liquidity, providing a secure environment similar to other popular memecoin launch platforms.","Memecoin launchpad,Bitcoin ecosystem,Fair token launch,Anti-rug pull.",logo_Odinfun.png,"Memecoins,Bitcoin,Launchpad",fav_Odinfun.png
DeFi,blazestake,https://stake.solblaze.org,,,Existing,"BlazeStake is a comprehensive liquid staking protocol for Solana, offering advanced tools beyond simple staking. It allows users to stake SOL for bSOL, participate in a rewards program, leverage LST creation, and access developer SDKs, aiming to provide enhanced utility and yield within the Solana ecosystem.","Solana liquid staking,bSOL liquid token,Rewards program,LST creation,Payments SDK,RPC Status tracker,Token Minter",logo_blazestake.png,"solana,Payments SDK,LST creator",fav_blazestake.png
DeFi,Kamino,https://kamino.finance,https://swap.kamino.finance/?ref=D3X7,,Existing,"Kamino Finance is a comprehensive DeFi platform built on Solana, focusing on concentrated liquidity management, automated strategies, and lending/borrowing. It aims to simplify DeFi interactions and optimize capital efficiency for users within the Solana ecosystem.","Solana DeFi hub,Concentrated liquidity,Automated strategies,Lending,Borrowing",logo_Kamino.png,"Solana DeFi,Automated strategies,Lending",fav_Kamino.png
DeFi,Orca,https://www.orca.so,,,Existing,"Orca is a leading decentralized exchange (DEX) on the Solana blockchain, known for its user-friendly interface and concentrated liquidity pools (Whirlpools). It aims to provide efficient and low-cost token swaps and yield farming opportunities within the Solana ecosystem.","Solana DEX,Concentrated liquidity,User-friendly interface,Low transaction fees,Yield farming.",logo_Orca.png,"Solana,Yield-farming",fav_Orca.png
DeFi,Meteora,https://meteora.ag,,,Existing,"Meteora is a dynamic liquidity protocol on Solana, offering various yield strategies including Dynamic Vaults (DVs) and long-tail asset pools. It aims to maximize capital efficiency for liquidity providers and enhance trading for a broad range of assets within the Solana ecosystem.","Solana liquidity,Dynamic Vaults,Yield strategies,Capital efficiency,Long-tail assets.",logo_Meteora.png,"Solana,LP,Vaults,Launchpad",fav_Meteora.png
DeFi,Marginfi,https://www.marginfi.com,https://app.marginfi.com/refer/ee04714f-2562-453f-b258-8c32ad434246,,Existing,"Marginfi is a decentralized lending protocol on Solana that has evolved to offer a broad suite of DeFi tools, including, flash loans, and permissionless memecoin trading with leverage. It also facilitates LST minting and pool creation, focusing on robust risk management and capital efficiency.","Solana lending,Flash loans,LST minting,Permissionless Memecoin leverage trading",logo_Marginfi.png,"Solana,Leverage,Flashloans,Memecoins",fav_Marginfi.png
DeFi,Eigenlayer,https://www.eigenlayer.xyz,,,Existing,"EigenLayer is a restaking protocol built on Ethereum that allows staked ETH to be re-hypothecated to secure other decentralized applications (AVSs). It aims to extend Ethereum's cryptoeconomic security to new modules, enabling new forms of decentralized trust and innovation.","Ethereum restaking,Cryptoeconomic security,AVSs (Actively Validated Services),Staking innovation,Decentralized trust.",logo_Eigenlayer.png,"Ethereum,Restaking,Middleware",fav_Eigenlayer.png
DeFi,Helio,https://www.hel.io/,,,Existing,"Helio is a decentralized crypto payment protocol and payment gateway, enabling merchants to accept digital asset payments directly. Originally supporting one chain, it has expanded to include major networks like Ethereum, BTC, Base Chain, Polygon, and Solana, streamlining DeFi payments.","Decentralized payments,Merchant crypto gateway,Multi-chain support,Instant crypto payments,Streamlined transactions.",logo_Helio.png,"crypto payments,multi-chain",fav_Helio.png
DeFi,Debank,https://debank.com,,,Existing,"ebank is a leading Web3 portfolio tracker and data aggregator that supports hundreds of DeFi protocols across numerous blockchains. It allows users to track their crypto assets, NFTs, and DeFi positions, and explore various Web3 projects and trends.","Web3 portfolio,DeFi asset tracking,Multi-chain aggregator,NFT monitoring,Data analysis.",logo_Debank.png,"Portfolio Tracking,Analytics",fav_Debank.png
DeFi,Matcha,https://matcha.xyz,,,Existing,"Matcha is a decentralized exchange (DEX) aggregator powered by 0x Protocol. It scans multiple DEXs and liquidity sources to find the best possible prices for token swaps, aiming to provide optimized trading routes and minimize slippage for users across various blockchains. Key Features: DEX aggregator, Best price swaps, Multi-chain routes, Minimize slippage, 0x Protocol.","DEX aggregator,Best price swaps,Multi-chain routes,Minimize slippage,0x Protocol.",logo_Matcha.png,"Multi-chain swaps,Best price",fav_Matcha.png
DeFi,Matchain,https://matchain.io,,,Existing,"Matchchain is a decentralized AI blockchain platform dedicated to data and identity sovereignty, leveraging advanced AI for comprehensive data aggregation, analytics, and user profiling to enhance decentralized identity solutions and data management.","ecentralized AI blockchain,Ensures data sovereignty.Provides identity solutions,Uses AI for analytics,Manages user profiling.",logo_Matchain.png,"Identity Solution,AI Analytics",fav_Matchain.png
DeFi,Kuru,https://kuru.finance,,,Existing,,,,,
DeFi,Cetus,https://www.cetus.zone,,,Existing,"Cetus is a leading decentralized exchange (DEX) and concentrated liquidity protocol built on Aptos and Sui. It offers advanced features like Infinity Pools, Intent Trading for advanced order types, and an Asset Launchpad, aiming to provide a seamless and capital-efficient trading experience within Move-based ecosystems.","Aptos and Sui DEX.Concentrated Infinity Pools.Advanced Intent Trading,Asset Launchpad,Capital-efficient trading.",logo_Cetus.png,"Aptos,Sui",fav_Cetus.png
DeFi,Suilend,https://suilend.fi,,,Existing,"Suilend is a decentralized lending and borrowing protocol built on the Sui blockchain. It aims to provide secure and efficient money markets for users within the Sui ecosystem, enabling overcollateralized loans and interest-earning opportunities for deposited assets.","Sui lending,Borrowing platform,Money markets,Overcollateralized loans,Interest earnings.",logo_Suilend.png,"Sui,Lending",fav_Suilend.png
DeFi,carv,https://carv.io,,,Existing,"CARV is an AI agentic infrastructure and Web3 gaming identity platform on the SVM Chain, extending to Ethereum for enhanced security. It empowers AI agents with data sovereignty to build user-centric gaming experiences and advance AI capabilities.",Web3 gaming identity. AI agentic infrastructure. Extends SVM to Ethereum. Empowers AI agents. Focuses data sovereignty.,logo_carv.png,"Gaming,AI Agents,SVM Chain",fav_carv.png
DeFi,Ether.fi,https://www.ether.fi/,,,Existing,"ether.fi is a leading liquid restaking protocol on Ethereum, providing institutional and retail users with enhanced capital efficiency for their staked ETH. Users retain control of their keys while earning staking rewards, and can utilize their eETH liquid restaking token across DeFi. They also offer a non-custodial crypto corporate card.","Ethereum liquid restaking,eETH token,Capital efficiency,DeFi composability,Staking rewards,Institutional staking,Corporate crypto card",logo_aeitheir.png,"Restaking,Ethereum,corporate car",fav_aeitheir.png
DeFi,parcl,https://parcl.co,,,Existing,"Parcl is a decentralized real estate trading platform built on the Solana blockchain. It allows users to trade perpetual futures on the price movements of real-world real estate markets, aiming to provide liquid and accessible exposure to real estate without needing to own physical property.","Real estate futures,Solana platform,Perpetual trading,Liquid markets,Digital property.",logo_parcl.png,"RealEstate,Solana,Futures",fav_parcl.png
DeFi,assetdash,https://assetdash.com,https://bit.ly/3dNXbSJ,,Existing,"AssetDash is a cross-chain portfolio tracker and social platform for Web3 assets. It allows users to track their crypto, NFTs, stocks, and other digital assets in one place, connect with friends, and discover new projects, aiming to provide an overview of their digital wealth.","Cross-chain portfolio tracking,NFT tracking,Social features,Digital asset data aggregator",logo_assetdash.png,"Portfolio tracking,Analytics",fav_assetdash.png
DeFi,sharkyfi,https://sharky.fi,,,Existing,"Sharky.fi is a decentralized lending protocol on the Solana blockchain specializing in NFT collateralized loans. It allows users to borrow against their NFTs or lend capital to earn yield, aiming to unlock liquidity for digital collectibles within the Solana ecosystem.","NFT lending and Borrowing protocol,Solana NFTs,Digital collectibles,Liquidity unlock",logo_sharkyfi.png,"NFTs,Lending,Solana",fav_sharkyfi.png
Marketplace,Opensea,https://opensea.io,,,Existing,"OpenSea is the world's largest peer-to-peer marketplace for NFTs (Non-Fungible Tokens). It allows users to buy, sell, and discover various digital collectibles, including art, gaming items, music, and virtual world assets, across multiple blockchains.","Leading NFT marketplace,Wide range of Digital collectibles,Buy Sell and Discover NFTs,Multi-chain support.",logo_Opensea.png,"NFTs,Collectibles",fav_Opensea.png
Marketplace,Blur,https://blur.io,,,Existing,"Blur is a leading NFT marketplace and aggregator designed specifically for professional NFT traders. It offers advanced trading tools, real-time data, and a fast, low-fee bidding experience, aiming to provide a superior trading environment for high-volume NFT users.","NFT marketplace,Ideal for Professional traders,Advanced tools,Real-time data,Low fees.",logo_Blur.png,"NFTs,Art,Collectibles",fav_Blur.png
Marketplace,Magiceden,https://magiceden.io,,,Existing,"Magic Eden is a leading cross-chain NFT marketplace, initially prominent on Solana and now supporting other chains like Ethereum, Polygon, and Bitcoin Ordinals. It provides a platform for discovering, buying, selling, and minting NFTs, emphasizing a user-friendly experience and broad collection support.","Cross-chain marketplace,NFT discovery/trading,Supports multiple blockchains,User-friendly interface,NFT minting platform.",logo_Magiceden.png,"NFT minting,Collectibles,Art",fav_Magiceden.png
Marketplace,Sniper xyz,https://sniper.xyz,,,Existing,"Sniper.xyz, previously a well-know NFT marketplace has evolved into a high-speed trading terminal and wallet tracker on Solana, specializing in fast token execution and meme coin analysis. It offers advanced bot-like functionalities and a ""memescope"" for discovering new opportunities within the Solana token ecosystem.","Solana trading terminal,Fast token execution,Wallet tracking tools,Meme coin analysis,Advanced bot features.",logo_Sniper_xyz.png,"Solana,Wallet tracker,Memecoins",fav_Sniper_xyz.png
Marketplace,Tensor,https://www.tensor.trade,,,Existing,"Tensor.trade is a leading NFT marketplace aggregator specifically built for Solana. It provides advanced trading tools, real-time data, and a robust platform for professional NFT traders, aiming to offer the deepest liquidity and best prices across Solana NFTs.","Solana NFT aggregator,Professional trading tools,Real-time NFT data,Deep liquidity,Low fee bidding.",logo_Tensor.png,"NFTs,Solana",fav_Tensor.png
Marketplace,Opensea pro,https://pro.opensea.io,,,Existing,"OpenSea Pro (formerly Gem) is an advanced NFT marketplace aggregator that pulls listings from over 170 marketplaces. Designed for professional NFT traders, it offers tools for bulk buying, rarity filtering, and real-time insights, aiming to optimize the NFT trading experience.","NFT marketplace aggregator,Bulk purchasing,Rarity filtering,Real-time insights,Professional tools.",logo_Opensea_pro.png,NFT Aggregator,fav_Opensea_pro.png
Marketplace,Whalesmarket,https://pro.whales.market/,https://pro.whales.market/?r=935784,,Existing,"WhalesMarket is an OTC (Over-The-Counter) trading platform for pre-market and pre-TGE (Token Generation Event) tokens. It facilitates secure trading of unlaunched tokens via escrow services and smart contracts, aiming to provide early access to new projects.","OTC trading,Pre-market tokens,Pre-TGE access,Escrow services,Smart contract security.",logo_Whalesmarket.png,"Pre-market,Escrow",fav_Whalesmarket.png
Marketplace,Rairable,https://rarible.com,,,Existing,"Rarible is a multi-chain NFT marketplace that allows creators and collectors to buy, sell, and mint NFTs across various blockchains like Ethereum, Flow, and Polygon. It emphasizes community governance and provides tools for artists to create and showcase their digital assets.","Multi-chain NFTs,Creator platform,Community governance,Buy/sell digital art,NFT minting.",logo_Rairable.png,"NFT minting,Multi-chain",fav_Rairable.png
Marketplace,Launchmynft,https://launchmynft.io,,,Existing,"LaunchMyNFT is a comprehensive platform designed to simplify the process of launching NFT collections without needing to write code. It provides tools for minting, managing, and marketing NFT projects across various blockchains.","No-code NFT launchpad,Collection minting,NFT project management,Marketing tools,Creator friendly.",logo_Launchmynft.png,"NFT minting,Launchpad",fav_Launchmynft.png
Marketplace,Unisat,https://unisat.io,,,Existing,"UniSat is a leading open-source Chrome extension wallet and platform for the Bitcoin ecosystem, specifically supporting Ordinals and BRC-20 tokens. Beyond secure storage and inscription, it now offers a comprehensive NFT marketplace, a BRC-20 swap/trading platform, and a dedicated block explorer (Uniscan) for transaction tracking supporting a growing ecosystem of Bitcoin-native assets.","Bitcoin Ordinals,BRC-20 wallet,Open-source,Token inscription,Bitcoin ecosystem,NFT marketplace,BRC-20 trading,Uniscan TX tracking.",logo_Unisat.png,"Bitcoin,Ordinals",fav_Unisat.png
Marketplace,TokenTrove,https://tokentrove.com,,,Existing,,,,,
Marketplace,Polymarket,https://polymarket.com,,,Existing,,,,,
Marketplace,zetamarkets,https://zeta.markets,,,Existing,,,,,
Marketplace,element,https://element.market,,,Existing,,,,,
Marketplace,scatterart,https://scatterart.io,,,Existing,,,,,
Marketplace,zkmarkets,https://zkmarkets.xyz,,,Existing,,,,,
Marketplace,topaz,https://topaz.so,,,Existing,,,,,
Marketplace,supersweep,https://supersweep.io,,,Existing,,,,,
Trading Bots/Platforms,Photon,https://photon-sol.tinyastro.io,https://photon-sol.tinyastro.io/@d3x7,,Existing,,,,,
Trading Bots/Platforms,Bullx,https://bullx.io,https://t.me/BullxBetaBot?start=access_F99J7T8ORT,,Existing,,,,,
Trading Bots/Platforms,Bullx Neo,https://neo.bullx.io,https://t.me/BullXNeoBot?start=access_Z7EJ8X3UOB,,,,,,,
Trading Bots/Platforms,Axiom,https://axiom.trade,https://axiom.trade/@d3x7,,Existing,,,,,
Trading Bots/Platforms,GMGN,https://gmgn.ai/,https://gmgn.ai/?ref=c0chR98s,,,,,,,
Trading Bots/Platforms,Unibot,https://unibot.app,https://unibot.app/x?ref=d3x7,,,,,,,
TG Trading Bots,Trojan,https://t.me/trojanbot,https://t.me/solana_trojanbot?start=r-dextrorsal,,Existing,,,,,
TG Trading Bots,SOL trading,https://t.me/soltrading_bot,https://t.me/SolanaTradingBot?start=d5xD6OsVl,,Existing,,,,,
TG Trading Bots,Maestro,https://t.me/MaestroSniperBot,https://t.me/maestro?start=r-dextrorsal,,Existing,,,,,
TG Trading Bots,Bonkbot,https://t.me/bonkbot_bot,https://t.me/bonkbot_bot?start=ref_iht7j,,Existing,,,,,
TG Trading Bots,fluxbot,https://t.me/fluxbot_sol,https://t.me/fluxbeam_bot?start=DextrorsaL,,Existing,,,,,
TG Trading Bots,banana gun bot,https://t.me/BananaGunBot,https://t.me/BananaGun_bot?start=ref_D3X7,,Existing,,,,,
TG Trading Bots,gmgn,https://t.me/gmgnai_bot,https://t.me/gmgnaibot?start=i_c0chR98s,,Existing,,,,,
TG Trading Bots,bullxneo,https://t.me/bullxneobot,https://t.me/BullXNeoBot?start=access_Z7EJ8X3UOB,,Existing,,,,,
TG Trading Bots,cielo,https://t.me/cielo_finance_bot,,,Existing,,,,,
TG Trading Bots,magnum trading bot,https://t.me/magnum_trade_bot,https://t.me/magnum_trade_bot?start=DNJkrOrl,,Existing,,,,,
TG Trading Bots,pumppill,https://t.me/pumppill_bot,https://t.me/pump_fun_bot?start=r_6385385407,,Existing,,,,,
TG Trading Bots,Unibot,,https://t.me/unibotsniper_bot?start=d3x7,,,,,,,
TG Trading Bots,KekBot,,https://t.me/realKekBot?start=BwtrJBIpJ,,,,,,,
TG Trading Bots,PepeBoost,,https://t.me/pepeboost_sol11_bot?start=ref_0hy9rl,,,,,,,
TG Trading Bots,,,,,,,,,,
Staking,Stakecity,https://stakecity.com,,,Existing,,,,,
Staking,Jito,https://www.jito.network,,,Existing,,,,,
Staking,Pyth,https://pyth.network,,,Existing,,,,,
Bridging,Owlito,https://owlto.finance,,,Existing,,,,,
Bridging,Debridge,https://debridge.finance,,,Existing,,,,,
Bridging,Wormhole,https://wormhole.com,,,Existing,,,,,
Bridging,Portal,https://portalbridge.com,,,Existing,,,,,
Bridging,Jumper,https://jumper.exchange,,,Existing,,,,,
Bridging,All bridge,https://core.allbridge.io,,,Existing,,,,,
Bridging,Mayanswap,https://mayan.finance,,,Existing,,,,,
Bridging,Atomiq,https://atomiq.exchange,,,Existing,,,,,
Bridging,orbiter,https://www.orbiter.finance,,,Existing,,,,,
Bridging,bungee,https://www.bungee.exchange,,,Existing,,,,,
Bridging,rango,https://rango.exchange,,,Existing,,,,,
Bridging,stargate,https://stargate.finance,,,Existing,,,,,
Social,Warpcast,https://warpcast.com,,,Existing,,,,,
Social,SNS bonfida,https://sns.id,,,Existing,,,,,
Social,Zora,https://zora.co,,,Existing,,,,,
Social,Zealy,https://zealy.io,,,Existing,,,,,
Social,Matrica,https://matrica.io,,,Existing,,,,,
Gaming,Highrise,https://highrise.game,,,Existing,,,,,
Gaming,God unchained,https://godsunchained.com,,,Existing,,,,,
Tools,Sol incinerator,https://sol-incinerator.com,,,Existing,,,,,
Tools,Dextools,https://www.dextools.io,,,Existing,,,,,
Tools,Smithii,https://smithii.io,,,Existing,,,,,
Tools,Cointool,https://cointool.app,,,Existing,,,,,
Tools,fluxbeam,https://fluxbeam.xyz,,,Existing,,,,,
Tools,rugcheck,https://rugcheck.xyz,,,Existing,,,,,
Tools,defillama,https://defillama.com,,,Existing,,,,,
Casino,500 casino,https://500.casino,,,Existing,,,,,
Casino,stake,https://stake.com,,,Existing,,,,,
Casino,gamdom,https://gamdom.com,,,Existing,,,,,
Casino,shuffle,https://shuffle.com,,,Existing,,,,,
Casino,toshibet,https://toshibet.io,,,Existing,,,,,
Casino,cloudbet,https://www.cloudbet.com,,,Existing,,,,,
Casino,bc.game,https://bc.game,,,Existing,,,,,
Casino,vipcasino,https://vipcasino.org,,,Existing,,,,,
Casino,rollbit,https://rollbit.com,,,Existing,,,,,
Casino,solcasino,https://solcasino.io,,,Existing,,,,,
Casino,roobet,https://roobet.com,,,Existing,,,,,
Casino,7bit,https://7bitcasino.com,,,Existing,,,,,
Casino,megadice,https://megadice.com,,,Existing,,,,,
Wallets,metamask,https://metamask.io,,,Existing,,,,,
Wallets,photon,https://photon-sol.tinyastro.io,,,Existing,,,,,
Wallets,magic eden,https://wallet.magiceden.io,,,Existing,,,,,
Wallets,coinbase,https://wallet.coinbase.com,,,Existing,,,,,
Wallets,solflare,https://solflare.com,,,Existing,,,,,
Wallets,jupmobile,https://jup.ag,,,Existing,,,,,
Wallets,backpack,https://backpack.app,,,Existing,,,,,
Wallets,trust,https://trustwallet.com,,,Existing,,,,,
Wallets,trezor,https://trezor.io,,,Existing,,,,,
Wallets,bitgetwallet,https://web3.bitget.com,,,Existing,,,,,
Wallets,ledger,https://www.ledger.com,,,Existing,,,,,
Wallets,bravewallet,https://brave.com/wallet,,,Existing,,,,,
Wallets,ethereum wallet,https://ethereum.org/wallets,,,Existing,,,,,
Wallets,xverse,https://www.xverse.app,,,Existing,,,,,
Wallets,okx wallet,https://www.okx.com/web3,,,Existing,,,,,
Wallets,glow,https://glow.app,,,Existing,,,,,
Wallets,exodus,https://www.exodus.com,,,Existing,,,,,
Wallets,binance,https://www.binance.com/en/wallet-direct,,,Existing,,,,,
Wallets,unisat,https://unisat.io,,,Existing,,,,,
Wallets,rainbow,https://rainbow.me,,,Existing,,,,,
Wallets,seiglobal,https://sei.io,,,Existing,,,,,
Wallets,bitski,https://www.bitski.com,,,Existing,,,,,
Wallets,abstract,https://abs.xyz,,,Existing,,,,,
